STE TAMOUINE ADWAK SOUSS;Traiteurs et organisateurs de reception;AGADIR;0661289732;adwaksouss@gmail.com;www.traiteuradwaksouss.com
traiteur organisateur afrah souss;Traiteurs et organisateurs de récéption;AGADIR;(0) 528 23 31 85;jamal@afrahsouss.com;www.jamaltraiteur.com
CHOCOLAND;Traiteurs et organisateurs de reception;AGADIR;0528828216;rabii.oualid@gmail.com;www.facebook.com/chocolandagadir?fref=ts
AFOULKI TRAITEUR;Traiteurs et organisateurs de récéption;AGADIR;0528243943;kamal.elamri@gmail.com;www.traiteur-afoulki.com
CHHIWATECOM;Traiteurs et organisateurs de reception;AGADIR;0528291911;contact@chhiwatecom.com;www.chhiwatecom.com
AFRAH TIMITAR;Traiteurs et organisateurs de récéption;AGADIR;0661450273;contact@afrah-timitar.com;www.afrah-timitar.com
TRAITEUR ALASSALA;Traiteurs et organisateurs de reception;BERKANE;0618252254;traiteuralassala2@gmail.com;wwww.traiteuralassala.com
TRAITEUR BENKABBOU;Traiteurs et organisateurs de reception;BERRECHID;<br>;tbenkabbou@gmail.com;www.traiteur-benkabbou.com
LP CASA TRAITEUR;Traiteurs et organisateurs de reception;CASABLANCA;0522250004;lptraiteurcasa@yahoo.fr;www.lpcasatraiteur.com
TRAITEUR RAHAL;Traiteurs et organisateurs de reception;CASABLANCA;0522252513;rahalmaitre@gmail.com;www.rahalmaitretraiteur.com
LAYLAT AL OMR;Traiteurs et organisateurs de reception;CASABLANCA;0522350935;contact@laylat-al-omr.com;www.laylat-al-omr.com
MAROC MOMES;Traiteurs et organisateurs de reception;CASABLANCA;0661537256;marocmomes@gmail.com;www.marocmomes.on.ma
RAHAL MAITRE TRAITEUR;Traiteurs et organisateurs de reception;CASABLANCA;0522252513;contact@rahalmaitretraiteur.com;www.Rahalmaitretraiteur.com
FASSI TRAITEUR;Traiteurs et organisateurs de reception;CASABLANCA;0522252119;contact@fassitraiteur.ma;www.fassitraiteur.ma
2B FOOD CATERING;Traiteurs et organisateurs de reception;CASABLANCA;0607800100;Contact.2Bfood@Gmail.com;www.2bfood.com
SIAGRA;Traiteurs et organisateurs de reception;CASABLANCA;0522896201;contact@siagra-afric.com;www.siagra.ma
BENYOUNES TRAITEUR;Traiteurs et organisateurs de reception;CASABLANCA;0661379278;benyounes.traiteur@gmail.com;www.benyounes-traiteur.com
RAYHANA SECRET;Traiteurs et organisateurs de reception;CASABLANCA;0522222481;contact@rayhana.fr;www.rayhana.fr
TAJ TRAITEUR;Traiteurs et organisateurs de reception;CASABLANCA;0619350303;traiteur.chali@gmail.com;www.afrahtaj.ma
GERIS INDUSTRIES;Traiteurs et organisateurs de reception;CASABLANCA;0522930297;contact@gerisindustries.net;www.gerisindustries.net
BENZAKOUR DEGUISEMENT;Traiteurs et organisateurs de reception;CASABLANCA;0522255454;kadoucasa@hotmail.com;www.benzakourdeguisement.com
AFRAH NISRINE;Traiteurs et organisateurs de reception;CASABLANCA;0522486547;afrah.nisrine@gmail.com;www.traiteur-afrahnisrine.com
FALAH TRAITEUR;Traiteurs et organisateurs de reception;CASABLANCA;0522472166;falahtraiteur@gmail.com;marocgastro.com
SLIM COOK;Traiteurs et organisateurs de reception;CASABLANCA;0672165442;slimdiet.cook@gmail.com;www.slimcook.ma
TRAITEUR DAR BERRADA;Traiteurs et organisateurs de reception;CASABLANCA;0638248756;dar.berrada@gmail.com;www.facebook.com/maison.berrada
CENDRILLA BOUTIQUE;Traiteurs et organisateurs de reception;CASABLANCA;0617029984;boutique.cendrilla@gmail.com;cendrilla-boutique.over-blog.com
MAROC MODUL EXPO;Traiteurs et organisateurs de reception;CASABLANCA;0522590141;marocmodulexpo@gmail.com;www.marocmodulexpo.com
LAHLOU TRAITEUR;Traiteurs et organisateurs de reception;EL JADIDA;0523393065;lahloutraiteur@yahoo.com;ww.lahloutraiteur.com
GATEAUX TRADITIONNELS MAROCAINS;Traiteurs et organisateurs de reception;EL JADIDA;0523392947;minasami@hotmail.fr;www.mina65.canalblog.com
MOGADOR DYAFA TRAITEUR;Traiteurs et organisateurs de reception;ESSAOUIRA;0662850598;mogador_dyafa_traiteur@ymail.com;www.mogador-dyafa-traiteur.over-blog.com
AFRAH EL KORTBI;Traiteurs et organisateurs de reception;FES;0535602663;contact@afrahelkortbi.com;www.afrahelkortbi.com
BENMOUSSA;Traiteurs et organisateurs de reception;FES;0522398185;benmoussa_28@hotmail.fr;www.traiteur-benmoussa.com
NEGAFA RAHMA;Traiteurs et organisateurs de reception;FES;0535616233;contact@negafa-marocaine.com;www.negafa-marocaine.com
BENYAHYA TRAITEUR;Traiteurs et organisateurs de reception;FES;0535620239;info@benyahyatraiteur.ma;benyahyatraiteur.ma
AFRAH FES;Traiteurs et organisateurs de reception;FES;0535963345;traiteurafrahfes@gmail.com;www.afrahfes.ma
EL BAHJA;Traiteurs et organisateurs de reception;FES;0535658450;mohamed@elbahja.ma;www.elbahja.ma
EL HAMMOUMI TRAITEUR;Traiteurs et organisateurs de reception;FES;0535767225;Contact@elhammoumi.com;elhammoumi.com
EL BAHJA;Traiteurs et organisateurs de reception;FES;0535658450;salles@elbahja.ma;elbahja.ma
AFRAH NAHDAT FES;Traiteurs et organisateurs de reception;FES;0535653691;afrahnahdatfes@traiteur.net;www.afrahnahdatfes.c.la
BENYAHYA TRAITEUR;Traiteurs et organisateurs de reception;FES;0535620239;info@benyahyatraiteur.ma;www.benyahyatraiteur.ma
HAND CAR;Traiteurs et organisateurs de reception;FES;0535942319;rss@locationhandcar.com;www.locationhandcar.com
FOUR M;Traiteurs et organisateurs de reception;FES;0535603287;m.a.mdaghri@gmail.com;www.facebook.com/four4m/timeline
LIGHT AGENCY;Traiteurs et organisateurs de reception;FES;0614789619;contacts@light-agency.net;www.light-agency.net
LIGHT AGENCY;Traiteurs et organisateurs de reception;FES;0614789619;contacts@light-agency.net;www.light-agency.net
FANFARE MEROUANE;Traiteurs et organisateurs de reception;FES;0534859200;association_rythmes.sefrou@hotmail.fr;www.fanfaremerouane.com
TRAITEUR BEN MASSOUD;Traiteurs et organisateurs de reception;FES;0535626875;Tbm@yahoo.com;www.traiteurbenmassaoud.ma
AFRAH FES;Traiteurs et organisateurs de reception;FES;0535625215;afrahfes2007@hotmail.fr;www.afrahfes.ma
